-- Demo rebuild structure. Run AFTER: DELETE FROM collaboratives; + demo_roster column.

INSERT INTO collaboratives (id, name, description, program_type, is_demo, start_date, status) VALUES
  ('0817ebbd-8828-497b-95b1-8080d75e4e0e', 'STS-BSC Demo', 'Demonstration STS-BSC collaborative with mock team data.', 'sts_bsc', true, '2026-01-01', 'active');
INSERT INTO bsc_events (id, collaborative_id, event_type, title, event_date, sequence_number) VALUES
  ('9563b457-77cd-46e7-9627-ff7d3a4b3fd3', '0817ebbd-8828-497b-95b1-8080d75e4e0e', 'learning_session', 'Learning Session 1', '2026-06-15', 1),
  ('a5a8fc41-887c-4fe4-8a1a-5738d091536d', '0817ebbd-8828-497b-95b1-8080d75e4e0e', 'learning_session', 'Learning Session 2', '2026-07-06', 2),
  ('38c37d46-4b52-4fc2-b8bd-a0311c394fba', '0817ebbd-8828-497b-95b1-8080d75e4e0e', 'learning_session', 'Learning Session 3', '2026-07-27', 3),
  ('53c3951b-513c-4066-81a4-6e5d69fc05a2', '0817ebbd-8828-497b-95b1-8080d75e4e0e', 'all_team_call', 'All-Team Call 1 (Welcome & Orientation)', '2026-08-17', 1),
  ('b15afe5e-fd75-4529-b659-88e62bc52d85', '0817ebbd-8828-497b-95b1-8080d75e4e0e', 'all_team_call', 'All-Team Call 2', '2026-09-07', 2),
  ('c75d6991-a13a-4a34-9da1-ebb81ab12c3d', '0817ebbd-8828-497b-95b1-8080d75e4e0e', 'all_team_call', 'All-Team Call 3', '2026-09-28', 3);
INSERT INTO teams (id, collaborative_id, agency_name, team_name, team_motto, estimated_staff_count, display_name, motto, team_leader_name, team_leader_email, demo_roster) VALUES
  ('35d5e6d5-df04-4d90-8c4b-2640fb35618f', '0817ebbd-8828-497b-95b1-8080d75e4e0e', 'Southern Bluegrass DCBS', 'STS Busters', 'Stop. Drop. Process.', 80, 'STS Busters', 'Stop. Drop. Process.', 'Gina Owens', 'gina.owens@southernbluegr.org', '[{"full_name": "Gina Owens", "email": "gina.owens@southernbluegr.org", "role": "Team Leader", "is_senior_leader": false}, {"full_name": "Maria Vaughn", "email": "maria.vaughn@southernbluegr.org", "role": "Supervisor", "is_senior_leader": false}, {"full_name": "Diana Owens", "email": "diana.owens@southernbluegr.org", "role": "Therapist", "is_senior_leader": false}, {"full_name": "Wendy Adams", "email": "wendy.adams@southernbluegr.org", "role": "Case Worker", "is_senior_leader": false}, {"full_name": "Yolanda Nguyen", "email": "yolanda.nguyen@southernbluegr.org", "role": "Therapist", "is_senior_leader": false}, {"full_name": "Jamal Klein", "email": "jamal.klein@southernbluegr.org", "role": "Therapist", "is_senior_leader": false}]'::jsonb);
INSERT INTO team_codes (id, team_id, code, timepoint, active, expires_at) VALUES
  ('f77735f2-c439-418e-9378-f4467416ed65', '35d5e6d5-df04-4d90-8c4b-2640fb35618f', 'KHA48N', 'baseline', true, '2027-12-31T23:59:59'),
  ('4433d103-5259-4250-8381-1a70e156ebc1', '35d5e6d5-df04-4d90-8c4b-2640fb35618f', 'WXT9KV', 'endline', true, '2027-12-31T23:59:59');
INSERT INTO teams (id, collaborative_id, agency_name, team_name, team_motto, estimated_staff_count, display_name, motto, team_leader_name, team_leader_email, demo_roster) VALUES
  ('9572075a-aca0-4d80-86e6-f4c0def4ff06', '0817ebbd-8828-497b-95b1-8080d75e4e0e', 'KVC Kentucky', 'Compassion Keepers', 'Caring through the storm.', 200, 'Compassion Keepers', 'Caring through the storm.', 'Irene Jones', 'irene.jones@kvckentucky.org', '[{"full_name": "Irene Jones", "email": "irene.jones@kvckentucky.org", "role": "Team Leader", "is_senior_leader": false}, {"full_name": "Frank Estes", "email": "frank.estes@kvckentucky.org", "role": "Therapist", "is_senior_leader": false}, {"full_name": "Hector Meyer", "email": "hector.meyer@kvckentucky.org", "role": "Administrator", "is_senior_leader": false}, {"full_name": "Quinn Vaughn", "email": "quinn.vaughn@kvckentucky.org", "role": "Administrator", "is_senior_leader": false}, {"full_name": "Maria Foster", "email": "maria.foster@kvckentucky.org", "role": "Supervisor", "is_senior_leader": false}, {"full_name": "Priya Jones", "email": "priya.jones@kvckentucky.org", "role": "Case Worker", "is_senior_leader": false}, {"full_name": "Quinn Estes", "email": "quinn.estes@kvckentucky.org", "role": "Resource Specialist", "is_senior_leader": false}, {"full_name": "Olivia Meyer", "email": "olivia.meyer@kvckentucky.org", "role": "Case Worker", "is_senior_leader": false}, {"full_name": "Priya Gomez", "email": "priya.gomez@kvckentucky.org", "role": "Resource Specialist", "is_senior_leader": false}]'::jsonb);
INSERT INTO team_codes (id, team_id, code, timepoint, active, expires_at) VALUES
  ('b43362b5-77d1-4a06-a34b-523c52341c4a', '9572075a-aca0-4d80-86e6-f4c0def4ff06', 'HT2DUJ', 'baseline', true, '2027-12-31T23:59:59'),
  ('2b27209c-dc4a-4214-bc49-4f15f72aa0d8', '9572075a-aca0-4d80-86e6-f4c0def4ff06', 'T98MKZ', 'endline', true, '2027-12-31T23:59:59');
INSERT INTO teams (id, collaborative_id, agency_name, team_name, team_motto, estimated_staff_count, display_name, motto, team_leader_name, team_leader_email, demo_roster) VALUES
  ('5490471e-702f-42f9-99a4-bdfd16c367ec', '0817ebbd-8828-497b-95b1-8080d75e4e0e', 'New Vista', 'Trauma-Informed Pathfinders', 'Forging the way forward.', 120, 'Trauma-Informed Pathfinders', 'Forging the way forward.', 'Elena Owens', 'elena.owens@newvista.org', '[{"full_name": "Elena Owens", "email": "elena.owens@newvista.org", "role": "Team Leader", "is_senior_leader": false}, {"full_name": "Quinn Reed", "email": "quinn.reed@newvista.org", "role": "Case Worker", "is_senior_leader": false}, {"full_name": "Frank Klein", "email": "frank.klein@newvista.org", "role": "Therapist", "is_senior_leader": false}, {"full_name": "Maria Jones", "email": "maria.jones@newvista.org", "role": "Family Service Worker", "is_senior_leader": false}, {"full_name": "Frank Carter", "email": "frank.carter@newvista.org", "role": "Case Worker", "is_senior_leader": false}, {"full_name": "Wendy Ingram", "email": "wendy.ingram@newvista.org", "role": "Administrator", "is_senior_leader": false}]'::jsonb);
INSERT INTO team_codes (id, team_id, code, timepoint, active, expires_at) VALUES
  ('26b74f9a-2da2-440b-9c3a-cd947ee5299f', '5490471e-702f-42f9-99a4-bdfd16c367ec', 'BWMTPL', 'baseline', true, '2027-12-31T23:59:59'),
  ('2de13fc8-db49-4641-9b56-5fd3a9191fad', '5490471e-702f-42f9-99a4-bdfd16c367ec', '9FMS8J', 'endline', true, '2027-12-31T23:59:59');
INSERT INTO teams (id, collaborative_id, agency_name, team_name, team_motto, estimated_staff_count, display_name, motto, team_leader_name, team_leader_email, demo_roster) VALUES
  ('881cff7e-e7ee-4345-9639-bc76f9c63499', '0817ebbd-8828-497b-95b1-8080d75e4e0e', 'Cumberland Valley DCBS', 'Bluegrass Guardians', 'Steady in the hard moments.', 70, 'Bluegrass Guardians', 'Steady in the hard moments.', 'Olivia Walsh', 'olivia.walsh@cumberlandvall.org', '[{"full_name": "Olivia Walsh", "email": "olivia.walsh@cumberlandvall.org", "role": "Team Leader", "is_senior_leader": true}, {"full_name": "Irene Vaughn", "email": "irene.vaughn@cumberlandvall.org", "role": "Therapist", "is_senior_leader": false}, {"full_name": "Sam Gomez", "email": "sam.gomez@cumberlandvall.org", "role": "Therapist", "is_senior_leader": false}, {"full_name": "Wendy Sanchez", "email": "wendy.sanchez@cumberlandvall.org", "role": "Case Worker", "is_senior_leader": false}, {"full_name": "Sam Patel", "email": "sam.patel@cumberlandvall.org", "role": "Case Worker", "is_senior_leader": false}, {"full_name": "Elena Nguyen", "email": "elena.nguyen@cumberlandvall.org", "role": "Supervisor", "is_senior_leader": false}, {"full_name": "Kayla Hughes", "email": "kayla.hughes@cumberlandvall.org", "role": "Family Service Worker", "is_senior_leader": false}, {"full_name": "Casey Jones", "email": "casey.jones@cumberlandvall.org", "role": "Family Service Worker", "is_senior_leader": false}, {"full_name": "Yolanda Ingram", "email": "yolanda.ingram@cumberlandvall.org", "role": "Supervisor", "is_senior_leader": false}]'::jsonb);
INSERT INTO team_codes (id, team_id, code, timepoint, active, expires_at) VALUES
  ('21c354d0-9222-48cf-8010-e5a9ecbb3cb0', '881cff7e-e7ee-4345-9639-bc76f9c63499', 'B8Q783', 'baseline', true, '2027-12-31T23:59:59'),
  ('0487032f-c086-4d7b-b79a-35473a7fb6f1', '881cff7e-e7ee-4345-9639-bc76f9c63499', 'W6KE94', 'endline', true, '2027-12-31T23:59:59');
INSERT INTO teams (id, collaborative_id, agency_name, team_name, team_motto, estimated_staff_count, display_name, motto, team_leader_name, team_leader_email, demo_roster) VALUES
  ('8157802c-96d7-438a-8078-8be53107a0a5', '0817ebbd-8828-497b-95b1-8080d75e4e0e', 'Pennyroyal Regional Center', 'Resilience Partners', 'Stronger together.', 60, 'Resilience Partners', 'Stronger together.', 'Brandon Patel', 'brandon.patel@pennyroyalregi.org', '[{"full_name": "Brandon Patel", "email": "brandon.patel@pennyroyalregi.org", "role": "Team Leader", "is_senior_leader": true}, {"full_name": "Luis Turner", "email": "luis.turner@pennyroyalregi.org", "role": "Case Worker", "is_senior_leader": false}, {"full_name": "Kayla Bell", "email": "kayla.bell@pennyroyalregi.org", "role": "Resource Specialist", "is_senior_leader": false}, {"full_name": "Luis Jones", "email": "luis.jones@pennyroyalregi.org", "role": "Resource Specialist", "is_senior_leader": false}, {"full_name": "Luis Vaughn", "email": "luis.vaughn@pennyroyalregi.org", "role": "Administrator", "is_senior_leader": false}, {"full_name": "Zach Meyer", "email": "zach.meyer@pennyroyalregi.org", "role": "Supervisor", "is_senior_leader": false}]'::jsonb);
INSERT INTO team_codes (id, team_id, code, timepoint, active, expires_at) VALUES
  ('74d30912-017d-4b65-8629-0fae35574666', '8157802c-96d7-438a-8078-8be53107a0a5', 'H2KMZP', 'baseline', true, '2027-12-31T23:59:59'),
  ('de82d339-76e6-4715-a6a0-0b6dd91e2987', '8157802c-96d7-438a-8078-8be53107a0a5', 'S3F2LD', 'endline', true, '2027-12-31T23:59:59');
INSERT INTO teams (id, collaborative_id, agency_name, team_name, team_motto, estimated_staff_count, display_name, motto, team_leader_name, team_leader_email, demo_roster) VALUES
  ('c10da7c9-97ac-443b-a69e-0e3377bda57c', '0817ebbd-8828-497b-95b1-8080d75e4e0e', 'Center on Trauma and Children', 'Center on Trauma and Children', 'CTAC — University of Kentucky', 25, 'Center on Trauma and Children', 'CTAC — University of Kentucky', NULL, NULL, NULL);
INSERT INTO team_codes (id, team_id, code, timepoint, active, expires_at) VALUES
  ('6ff748d0-1a71-4d26-abe6-8049c828566d', 'c10da7c9-97ac-443b-a69e-0e3377bda57c', 'UYWLJT', 'baseline', true, '2027-12-31T23:59:59'),
  ('284862bc-9370-49c3-bc2d-8580f999624b', 'c10da7c9-97ac-443b-a69e-0e3377bda57c', '3AJ4HQ', 'endline', true, '2027-12-31T23:59:59'),
  ('a9fd83e0-409e-474f-8ab8-ed8246703f87', 'c10da7c9-97ac-443b-a69e-0e3377bda57c', 'QRC5NW', 'followup_6mo', true, '2027-12-31T23:59:59'),
  ('3bd8d07a-b1fb-4bf7-9082-baa9b0b6ac4b', 'c10da7c9-97ac-443b-a69e-0e3377bda57c', '6H3AAR', 'followup_12mo', true, '2027-12-31T23:59:59');
INSERT INTO collaboratives (id, name, description, program_type, is_demo, start_date, status) VALUES
  ('16e94625-321a-4d85-b3b4-4140efa4f46a', 'TIC LC Demo', 'Demonstration Trauma-Informed Care LC with mock team data.', 'tic_lc', true, '2026-01-01', 'active');
INSERT INTO bsc_events (id, collaborative_id, event_type, title, event_date, sequence_number) VALUES
  ('5e990bd7-6ab8-4fca-a6b0-db8f5e1e10e3', '16e94625-321a-4d85-b3b4-4140efa4f46a', 'all_team_call', 'Pre-training Call (Intro & LC Overview)', '2026-05-12', 1),
  ('eb19d13a-66f2-4f43-88a0-14098dfc076d', '16e94625-321a-4d85-b3b4-4140efa4f46a', 'learning_session', 'Learning Session 1', '2026-06-02', 1),
  ('67f755b7-fbbe-4ad5-a5ea-b9c34619abca', '16e94625-321a-4d85-b3b4-4140efa4f46a', 'learning_session', 'Learning Session 2', '2026-06-23', 2),
  ('6a736cfe-a153-4e70-9f3d-559c7cb2c6ea', '16e94625-321a-4d85-b3b4-4140efa4f46a', 'learning_session', 'Learning Session 3', '2026-07-14', 3),
  ('6acc7827-3d00-4a40-bd01-a123c73ab472', '16e94625-321a-4d85-b3b4-4140efa4f46a', 'learning_session', 'Learning Session 4', '2026-08-04', 4),
  ('3bfd931d-c52b-4843-bee0-ce89c4c2c825', '16e94625-321a-4d85-b3b4-4140efa4f46a', 'all_team_call', 'Coaching Call 1', '2026-08-25', 2),
  ('33d6180d-6b3e-478b-b221-79f13f9bf3c4', '16e94625-321a-4d85-b3b4-4140efa4f46a', 'all_team_call', 'Coaching Call 2', '2026-09-15', 3),
  ('c053b2a2-ca19-4fb5-beea-c9dd75033be4', '16e94625-321a-4d85-b3b4-4140efa4f46a', 'all_team_call', 'Coaching Call 3', '2026-10-06', 4),
  ('cbbe3c81-5456-4b69-b6bb-510c680f278a', '16e94625-321a-4d85-b3b4-4140efa4f46a', 'all_team_call', 'Coaching Call 4', '2026-10-27', 5);
INSERT INTO teams (id, collaborative_id, agency_name, team_name, team_motto, estimated_staff_count, display_name, motto, team_leader_name, team_leader_email, demo_roster) VALUES
  ('c8dd4a18-79c1-4de4-8d97-8d35f038835a', '16e94625-321a-4d85-b3b4-4140efa4f46a', 'Aetna Better Health of KY', 'Aetna Care Navigators', 'Whole-person care.', 90, 'Aetna Care Navigators', 'Whole-person care.', 'Uma Estes', 'uma.estes@aetnabetterhea.org', '[{"full_name": "Uma Estes", "email": "uma.estes@aetnabetterhea.org", "role": "Team Leader", "is_senior_leader": true}, {"full_name": "Irene Nguyen", "email": "irene.nguyen@aetnabetterhea.org", "role": "Therapist", "is_senior_leader": false}, {"full_name": "Maria Foster", "email": "maria.foster@aetnabetterhea.org", "role": "Case Manager", "is_senior_leader": false}, {"full_name": "Rosa Estes", "email": "rosa.estes@aetnabetterhea.org", "role": "Program Director", "is_senior_leader": false}, {"full_name": "Brandon Jones", "email": "brandon.jones@aetnabetterhea.org", "role": "Peer Support Specialist", "is_senior_leader": false}, {"full_name": "Casey Patel", "email": "casey.patel@aetnabetterhea.org", "role": "Therapist", "is_senior_leader": false}, {"full_name": "Luis Estes", "email": "luis.estes@aetnabetterhea.org", "role": "Case Manager", "is_senior_leader": false}, {"full_name": "Olivia Patel", "email": "olivia.patel@aetnabetterhea.org", "role": "Social Worker", "is_senior_leader": false}, {"full_name": "Xavier Sanchez", "email": "xavier.sanchez@aetnabetterhea.org", "role": "Case Manager", "is_senior_leader": false}, {"full_name": "Xavier Nguyen", "email": "xavier.nguyen@aetnabetterhea.org", "role": "Social Worker", "is_senior_leader": false}]'::jsonb);
INSERT INTO team_codes (id, team_id, code, timepoint, active, expires_at) VALUES
  ('b34d7f86-6172-42e6-a2d7-31a9470c5275', 'c8dd4a18-79c1-4de4-8d97-8d35f038835a', 'JPGFJ2', 'baseline', true, '2027-12-31T23:59:59'),
  ('74247bf3-7d1a-4945-a04d-b91eca8cdd78', 'c8dd4a18-79c1-4de4-8d97-8d35f038835a', 'D9B2BU', 'endline', true, '2027-12-31T23:59:59');
INSERT INTO teams (id, collaborative_id, agency_name, team_name, team_motto, estimated_staff_count, display_name, motto, team_leader_name, team_leader_email, demo_roster) VALUES
  ('c20f983e-aff8-4a0d-972a-d4ffbcae13a7', '16e94625-321a-4d85-b3b4-4140efa4f46a', 'Intrust Behavioral Health', 'Intrust Trauma Team', 'Trust, informed.', 60, 'Intrust Trauma Team', 'Trust, informed.', 'Olivia Nguyen', 'olivia.nguyen@intrustbehavio.org', '[{"full_name": "Olivia Nguyen", "email": "olivia.nguyen@intrustbehavio.org", "role": "Team Leader", "is_senior_leader": true}, {"full_name": "Casey Diaz", "email": "casey.diaz@intrustbehavio.org", "role": "Therapist", "is_senior_leader": false}, {"full_name": "Sam Sanchez", "email": "sam.sanchez@intrustbehavio.org", "role": "Nurse", "is_senior_leader": false}, {"full_name": "Frank Estes", "email": "frank.estes@intrustbehavio.org", "role": "Nurse", "is_senior_leader": false}, {"full_name": "Ashley Vaughn", "email": "ashley.vaughn@intrustbehavio.org", "role": "Therapist", "is_senior_leader": false}, {"full_name": "Irene Foster", "email": "irene.foster@intrustbehavio.org", "role": "Program Director", "is_senior_leader": false}, {"full_name": "Zach Sanchez", "email": "zach.sanchez@intrustbehavio.org", "role": "Nurse", "is_senior_leader": false}, {"full_name": "Diana Meyer", "email": "diana.meyer@intrustbehavio.org", "role": "Program Director", "is_senior_leader": false}, {"full_name": "Diana Walsh", "email": "diana.walsh@intrustbehavio.org", "role": "Case Manager", "is_senior_leader": false}]'::jsonb);
INSERT INTO team_codes (id, team_id, code, timepoint, active, expires_at) VALUES
  ('b0312180-f7d6-47df-8fef-253ae03cbb28', 'c20f983e-aff8-4a0d-972a-d4ffbcae13a7', 'NJZM84', 'baseline', true, '2027-12-31T23:59:59'),
  ('b464bca3-f8bc-44ee-aa1d-df432e1a9b09', 'c20f983e-aff8-4a0d-972a-d4ffbcae13a7', 'ER5HNB', 'endline', true, '2027-12-31T23:59:59');
INSERT INTO teams (id, collaborative_id, agency_name, team_name, team_motto, estimated_staff_count, display_name, motto, team_leader_name, team_leader_email, demo_roster) VALUES
  ('532f9e38-e9f5-409d-b6c4-2a2a92b3b0a1', '16e94625-321a-4d85-b3b4-4140efa4f46a', 'KVC Kentucky', 'KVC TIC Cohort', 'Every child, every family.', 200, 'KVC TIC Cohort', 'Every child, every family.', 'Irene Bell', 'irene.bell@kvckentucky.org', '[{"full_name": "Irene Bell", "email": "irene.bell@kvckentucky.org", "role": "Team Leader", "is_senior_leader": false}, {"full_name": "Wendy Jones", "email": "wendy.jones@kvckentucky.org", "role": "Peer Support Specialist", "is_senior_leader": false}, {"full_name": "Victor Patel", "email": "victor.patel@kvckentucky.org", "role": "Social Worker", "is_senior_leader": false}, {"full_name": "Maria Bell", "email": "maria.bell@kvckentucky.org", "role": "Therapist", "is_senior_leader": false}, {"full_name": "Zach Jones", "email": "zach.jones@kvckentucky.org", "role": "Program Director", "is_senior_leader": false}, {"full_name": "Elena Meyer", "email": "elena.meyer@kvckentucky.org", "role": "Program Director", "is_senior_leader": false}, {"full_name": "Yolanda Owens", "email": "yolanda.owens@kvckentucky.org", "role": "Case Manager", "is_senior_leader": false}]'::jsonb);
INSERT INTO team_codes (id, team_id, code, timepoint, active, expires_at) VALUES
  ('d319a4b0-e726-47c0-a5d3-74ef4cc34e14', '532f9e38-e9f5-409d-b6c4-2a2a92b3b0a1', '7LUSWS', 'baseline', true, '2027-12-31T23:59:59'),
  ('cb4dfb7d-2a98-439f-a497-b08d3b4efeae', '532f9e38-e9f5-409d-b6c4-2a2a92b3b0a1', '6Z8HSR', 'endline', true, '2027-12-31T23:59:59');
INSERT INTO teams (id, collaborative_id, agency_name, team_name, team_motto, estimated_staff_count, display_name, motto, team_leader_name, team_leader_email, demo_roster) VALUES
  ('c1298970-2202-445a-a7b2-26bdd04eeaa4', '16e94625-321a-4d85-b3b4-4140efa4f46a', 'Benchmark Family Services', 'Benchmark Bridge Team', 'Bridging to safety.', 55, 'Benchmark Bridge Team', 'Bridging to safety.', 'Tanya Sanchez', 'tanya.sanchez@benchmarkfamil.org', '[{"full_name": "Tanya Sanchez", "email": "tanya.sanchez@benchmarkfamil.org", "role": "Team Leader", "is_senior_leader": true}, {"full_name": "Luis Nguyen", "email": "luis.nguyen@benchmarkfamil.org", "role": "Peer Support Specialist", "is_senior_leader": false}, {"full_name": "Uma Sanchez", "email": "uma.sanchez@benchmarkfamil.org", "role": "Social Worker", "is_senior_leader": false}, {"full_name": "Luis Vaughn", "email": "luis.vaughn@benchmarkfamil.org", "role": "Therapist", "is_senior_leader": false}, {"full_name": "Victor Hughes", "email": "victor.hughes@benchmarkfamil.org", "role": "Therapist", "is_senior_leader": false}, {"full_name": "Sam Jones", "email": "sam.jones@benchmarkfamil.org", "role": "Social Worker", "is_senior_leader": false}, {"full_name": "Frank Nguyen", "email": "frank.nguyen@benchmarkfamil.org", "role": "Therapist", "is_senior_leader": false}, {"full_name": "Victor Lopez", "email": "victor.lopez@benchmarkfamil.org", "role": "Social Worker", "is_senior_leader": false}, {"full_name": "Diana Walsh", "email": "diana.walsh@benchmarkfamil.org", "role": "Social Worker", "is_senior_leader": false}]'::jsonb);
INSERT INTO team_codes (id, team_id, code, timepoint, active, expires_at) VALUES
  ('5ebe4ed8-691f-4c99-8573-ccfe07ad6dc4', 'c1298970-2202-445a-a7b2-26bdd04eeaa4', 'FDPU3D', 'baseline', true, '2027-12-31T23:59:59'),
  ('1269d520-1add-4be2-ade0-81ea5307be3f', 'c1298970-2202-445a-a7b2-26bdd04eeaa4', 'UPYNHW', 'endline', true, '2027-12-31T23:59:59');
INSERT INTO teams (id, collaborative_id, agency_name, team_name, team_motto, estimated_staff_count, display_name, motto, team_leader_name, team_leader_email, demo_roster) VALUES
  ('beabf614-84a5-4028-8c15-e4bc9dbaf15b', '16e94625-321a-4d85-b3b4-4140efa4f46a', 'Necco & Associates', 'Necco Trauma-Informed Crew', 'Meet people where they are.', 65, 'Necco Trauma-Informed Crew', 'Meet people where they are.', 'Luis Owens', 'luis.owens@neccoassociate.org', '[{"full_name": "Luis Owens", "email": "luis.owens@neccoassociate.org", "role": "Team Leader", "is_senior_leader": true}, {"full_name": "Kayla Owens", "email": "kayla.owens@neccoassociate.org", "role": "Program Director", "is_senior_leader": false}, {"full_name": "Priya Walsh", "email": "priya.walsh@neccoassociate.org", "role": "Case Manager", "is_senior_leader": false}, {"full_name": "Hector Hughes", "email": "hector.hughes@neccoassociate.org", "role": "Peer Support Specialist", "is_senior_leader": false}, {"full_name": "Yolanda Hughes", "email": "yolanda.hughes@neccoassociate.org", "role": "Nurse", "is_senior_leader": false}, {"full_name": "Irene Nguyen", "email": "irene.nguyen@neccoassociate.org", "role": "Social Worker", "is_senior_leader": false}, {"full_name": "Priya Turner", "email": "priya.turner@neccoassociate.org", "role": "Case Manager", "is_senior_leader": false}, {"full_name": "Priya Patel", "email": "priya.patel@neccoassociate.org", "role": "Case Manager", "is_senior_leader": false}, {"full_name": "Ashley Vaughn", "email": "ashley.vaughn@neccoassociate.org", "role": "Program Director", "is_senior_leader": false}]'::jsonb);
INSERT INTO team_codes (id, team_id, code, timepoint, active, expires_at) VALUES
  ('53f95e9f-6009-4e46-b67d-60de61dcd622', 'beabf614-84a5-4028-8c15-e4bc9dbaf15b', 'NZNZEP', 'baseline', true, '2027-12-31T23:59:59'),
  ('4c932d6e-1e3d-4338-913a-c44d5ed72f00', 'beabf614-84a5-4028-8c15-e4bc9dbaf15b', 'K4JUUN', 'endline', true, '2027-12-31T23:59:59');
INSERT INTO teams (id, collaborative_id, agency_name, team_name, team_motto, estimated_staff_count, display_name, motto, team_leader_name, team_leader_email, demo_roster) VALUES
  ('3068dc84-1241-4fcf-a195-44d7239d9ddd', '16e94625-321a-4d85-b3b4-4140efa4f46a', 'Sunrise Children''s Services', 'Sunrise TIC Team', 'New day, new hope.', 110, 'Sunrise TIC Team', 'New day, new hope.', 'Ashley Diaz', 'ashley.diaz@sunrisechildre.org', '[{"full_name": "Ashley Diaz", "email": "ashley.diaz@sunrisechildre.org", "role": "Team Leader", "is_senior_leader": false}, {"full_name": "Luis Klein", "email": "luis.klein@sunrisechildre.org", "role": "Social Worker", "is_senior_leader": false}, {"full_name": "Luis Bell", "email": "luis.bell@sunrisechildre.org", "role": "Nurse", "is_senior_leader": false}, {"full_name": "Yolanda Turner", "email": "yolanda.turner@sunrisechildre.org", "role": "Program Director", "is_senior_leader": false}, {"full_name": "Uma Lopez", "email": "uma.lopez@sunrisechildre.org", "role": "Peer Support Specialist", "is_senior_leader": false}, {"full_name": "Irene Diaz", "email": "irene.diaz@sunrisechildre.org", "role": "Case Manager", "is_senior_leader": false}, {"full_name": "Ashley Estes", "email": "ashley.estes@sunrisechildre.org", "role": "Peer Support Specialist", "is_senior_leader": false}]'::jsonb);
INSERT INTO team_codes (id, team_id, code, timepoint, active, expires_at) VALUES
  ('c3c32684-831c-4cca-bbf8-6cc0a80fd23d', '3068dc84-1241-4fcf-a195-44d7239d9ddd', '7WNLLU', 'baseline', true, '2027-12-31T23:59:59'),
  ('d82db36c-a295-473a-98e3-0daaca5aba4d', '3068dc84-1241-4fcf-a195-44d7239d9ddd', 'PQVUN5', 'endline', true, '2027-12-31T23:59:59');
INSERT INTO collaboratives (id, name, description, program_type, is_demo, start_date, status) VALUES
  ('3d967456-d00b-41cf-8a12-7411b307e6b1', 'TIPE LC Demo', 'Demonstration TIPE LC — teams + resource library (no survey yet).', 'tipe_lc', true, '2026-01-01', 'active');
INSERT INTO bsc_events (id, collaborative_id, event_type, title, event_date, sequence_number) VALUES
  ('340630ed-7752-4de1-b8d0-ca538cf506c8', '3d967456-d00b-41cf-8a12-7411b307e6b1', 'learning_session', 'Learning Session 1', '2025-11-12', 1),
  ('f6c47879-3fa1-42a2-b25b-f26f810ba8d8', '3d967456-d00b-41cf-8a12-7411b307e6b1', 'learning_session', 'Learning Session 2', '2025-12-03', 2),
  ('87c6cdac-eb87-40f5-ad07-75e6a2439f2f', '3d967456-d00b-41cf-8a12-7411b307e6b1', 'learning_session', 'Learning Session 3', '2025-12-24', 3),
  ('8b3e352e-fe1a-4c9f-9381-455e50461dfa', '3d967456-d00b-41cf-8a12-7411b307e6b1', 'learning_session', 'Learning Session 4', '2026-01-14', 4),
  ('853d5956-7d84-4805-a8cc-8cdbdadfbf4b', '3d967456-d00b-41cf-8a12-7411b307e6b1', 'learning_session', 'Learning Session 5', '2026-02-04', 5),
  ('a2258ced-ca1f-4f34-9890-1fbe59aa4e49', '3d967456-d00b-41cf-8a12-7411b307e6b1', 'all_team_call', 'Learning Call 1', '2026-02-25', 1),
  ('c8dd4321-782c-45e1-bd8c-bbec1752e3ba', '3d967456-d00b-41cf-8a12-7411b307e6b1', 'all_team_call', 'Learning Call 2', '2026-03-18', 2),
  ('4e84a190-9b6e-4702-bf77-63f0fc8707c1', '3d967456-d00b-41cf-8a12-7411b307e6b1', 'all_team_call', 'Learning Call 3', '2026-04-08', 3);
INSERT INTO teams (id, collaborative_id, agency_name, team_name, team_motto, estimated_staff_count, display_name, motto, team_leader_name, team_leader_email, demo_roster) VALUES
  ('a32a6ce2-7d46-4ba3-afda-7806e94f2094', '3d967456-d00b-41cf-8a12-7411b307e6b1', 'Bullitt County Public Schools', 'Bullitt Bright Spots', 'Calm, connected classrooms.', 40, 'Bullitt Bright Spots', 'Calm, connected classrooms.', 'Hector Hughes', 'hector.hughes@bullittcountyp.org', '[{"full_name": "Hector Hughes", "email": "hector.hughes@bullittcountyp.org", "role": "Team Leader", "is_senior_leader": false}, {"full_name": "Ashley Lopez", "email": "ashley.lopez@bullittcountyp.org", "role": "Social Worker", "is_senior_leader": false}, {"full_name": "Victor Vaughn", "email": "victor.vaughn@bullittcountyp.org", "role": "Behavior Interventionist", "is_senior_leader": false}, {"full_name": "Xavier Gomez", "email": "xavier.gomez@bullittcountyp.org", "role": "Social Worker", "is_senior_leader": false}, {"full_name": "Elena Lopez", "email": "elena.lopez@bullittcountyp.org", "role": "Social Worker", "is_senior_leader": false}, {"full_name": "Wendy Nguyen", "email": "wendy.nguyen@bullittcountyp.org", "role": "School Psychologist", "is_senior_leader": false}, {"full_name": "Kayla Owens", "email": "kayla.owens@bullittcountyp.org", "role": "School Psychologist", "is_senior_leader": false}]'::jsonb);
INSERT INTO teams (id, collaborative_id, agency_name, team_name, team_motto, estimated_staff_count, display_name, motto, team_leader_name, team_leader_email, demo_roster) VALUES
  ('345266f5-4423-494f-a2ee-9e65d45f30c2', '3d967456-d00b-41cf-8a12-7411b307e6b1', 'Jackson County Schools', 'Jackson Resilience Crew', 'Every student, every day.', 25, 'Jackson Resilience Crew', 'Every student, every day.', 'Irene Turner', 'irene.turner@jacksoncountys.org', '[{"full_name": "Irene Turner", "email": "irene.turner@jacksoncountys.org", "role": "Team Leader", "is_senior_leader": false}, {"full_name": "Nathan Hughes", "email": "nathan.hughes@jacksoncountys.org", "role": "School Psychologist", "is_senior_leader": false}, {"full_name": "Quinn Estes", "email": "quinn.estes@jacksoncountys.org", "role": "School Psychologist", "is_senior_leader": false}, {"full_name": "Zach Ingram", "email": "zach.ingram@jacksoncountys.org", "role": "Teacher", "is_senior_leader": false}, {"full_name": "Luis Bell", "email": "luis.bell@jacksoncountys.org", "role": "School Psychologist", "is_senior_leader": false}, {"full_name": "Irene Vaughn", "email": "irene.vaughn@jacksoncountys.org", "role": "Behavior Interventionist", "is_senior_leader": false}]'::jsonb);
INSERT INTO teams (id, collaborative_id, agency_name, team_name, team_motto, estimated_staff_count, display_name, motto, team_leader_name, team_leader_email, demo_roster) VALUES
  ('f4353222-4948-430c-b268-e622c551d6a8', '3d967456-d00b-41cf-8a12-7411b307e6b1', 'Jefferson County Public Schools', 'JCPS Trauma-Informed Team', 'Safe, supported, ready to learn.', 120, 'JCPS Trauma-Informed Team', 'Safe, supported, ready to learn.', 'Tanya Reed', 'tanya.reed@jeffersoncount.org', '[{"full_name": "Tanya Reed", "email": "tanya.reed@jeffersoncount.org", "role": "Team Leader", "is_senior_leader": false}, {"full_name": "Luis Patel", "email": "luis.patel@jeffersoncount.org", "role": "School Psychologist", "is_senior_leader": false}, {"full_name": "Priya Jones", "email": "priya.jones@jeffersoncount.org", "role": "Social Worker", "is_senior_leader": false}, {"full_name": "Gina Carter", "email": "gina.carter@jeffersoncount.org", "role": "Behavior Interventionist", "is_senior_leader": false}, {"full_name": "Kayla Owens", "email": "kayla.owens@jeffersoncount.org", "role": "Teacher", "is_senior_leader": false}, {"full_name": "Hector Jones", "email": "hector.jones@jeffersoncount.org", "role": "Assistant Principal", "is_senior_leader": false}, {"full_name": "Priya Adams", "email": "priya.adams@jeffersoncount.org", "role": "School Counselor", "is_senior_leader": false}, {"full_name": "Jamal Sanchez", "email": "jamal.sanchez@jeffersoncount.org", "role": "Teacher", "is_senior_leader": false}, {"full_name": "Wendy Ingram", "email": "wendy.ingram@jeffersoncount.org", "role": "School Counselor", "is_senior_leader": false}, {"full_name": "Nathan Gomez", "email": "nathan.gomez@jeffersoncount.org", "role": "Teacher", "is_senior_leader": false}]'::jsonb);
INSERT INTO teams (id, collaborative_id, agency_name, team_name, team_motto, estimated_staff_count, display_name, motto, team_leader_name, team_leader_email, demo_roster) VALUES
  ('9c638e8c-c0e2-48f5-a4e9-db1bcb49c57d', '3d967456-d00b-41cf-8a12-7411b307e6b1', 'Fayette County Public Schools', 'Fayette Anchors', 'Anchored in relationships.', 95, 'Fayette Anchors', 'Anchored in relationships.', 'Luis Turner', 'luis.turner@fayettecountyp.org', '[{"full_name": "Luis Turner", "email": "luis.turner@fayettecountyp.org", "role": "Team Leader", "is_senior_leader": true}, {"full_name": "Wendy Vaughn", "email": "wendy.vaughn@fayettecountyp.org", "role": "Assistant Principal", "is_senior_leader": false}, {"full_name": "Nathan Nguyen", "email": "nathan.nguyen@fayettecountyp.org", "role": "Social Worker", "is_senior_leader": false}, {"full_name": "Luis Bell", "email": "luis.bell@fayettecountyp.org", "role": "Behavior Interventionist", "is_senior_leader": false}, {"full_name": "Nathan Sanchez", "email": "nathan.sanchez@fayettecountyp.org", "role": "School Counselor", "is_senior_leader": false}, {"full_name": "Casey Estes", "email": "casey.estes@fayettecountyp.org", "role": "School Counselor", "is_senior_leader": false}, {"full_name": "Kayla Sanchez", "email": "kayla.sanchez@fayettecountyp.org", "role": "Social Worker", "is_senior_leader": false}]'::jsonb);
INSERT INTO teams (id, collaborative_id, agency_name, team_name, team_motto, estimated_staff_count, display_name, motto, team_leader_name, team_leader_email, demo_roster) VALUES
  ('aa69ae54-656b-4fcf-80b8-c9417596df62', '3d967456-d00b-41cf-8a12-7411b307e6b1', 'Harlan County Public Schools', 'Harlan Hope Builders', 'Mountains of resilience.', 30, 'Harlan Hope Builders', 'Mountains of resilience.', 'Gina Klein', 'gina.klein@harlancountypu.org', '[{"full_name": "Gina Klein", "email": "gina.klein@harlancountypu.org", "role": "Team Leader", "is_senior_leader": false}, {"full_name": "Frank Meyer", "email": "frank.meyer@harlancountypu.org", "role": "Teacher", "is_senior_leader": false}, {"full_name": "Zach Meyer", "email": "zach.meyer@harlancountypu.org", "role": "Assistant Principal", "is_senior_leader": false}, {"full_name": "Rosa Carter", "email": "rosa.carter@harlancountypu.org", "role": "Assistant Principal", "is_senior_leader": false}, {"full_name": "Casey Walsh", "email": "casey.walsh@harlancountypu.org", "role": "Teacher", "is_senior_leader": false}, {"full_name": "Brandon Walsh", "email": "brandon.walsh@harlancountypu.org", "role": "School Psychologist", "is_senior_leader": false}, {"full_name": "Kayla Lopez", "email": "kayla.lopez@harlancountypu.org", "role": "Social Worker", "is_senior_leader": false}, {"full_name": "Brandon Jones", "email": "brandon.jones@harlancountypu.org", "role": "School Psychologist", "is_senior_leader": false}, {"full_name": "Quinn Bell", "email": "quinn.bell@harlancountypu.org", "role": "Assistant Principal", "is_senior_leader": false}]'::jsonb);
INSERT INTO teams (id, collaborative_id, agency_name, team_name, team_motto, estimated_staff_count, display_name, motto, team_leader_name, team_leader_email, demo_roster) VALUES
  ('e998925f-f044-41e3-a8c8-7be9bae9bda7', '3d967456-d00b-41cf-8a12-7411b307e6b1', 'Franklin County Schools', 'Franklin Steady Hands', 'Steady hands, open hearts.', 35, 'Franklin Steady Hands', 'Steady hands, open hearts.', 'Casey Estes', 'casey.estes@franklincounty.org', '[{"full_name": "Casey Estes", "email": "casey.estes@franklincounty.org", "role": "Team Leader", "is_senior_leader": false}, {"full_name": "Gina Jones", "email": "gina.jones@franklincounty.org", "role": "Assistant Principal", "is_senior_leader": false}, {"full_name": "Maria Carter", "email": "maria.carter@franklincounty.org", "role": "School Counselor", "is_senior_leader": false}, {"full_name": "Maria Owens", "email": "maria.owens@franklincounty.org", "role": "School Counselor", "is_senior_leader": false}, {"full_name": "Olivia Turner", "email": "olivia.turner@franklincounty.org", "role": "Assistant Principal", "is_senior_leader": false}, {"full_name": "Luis Foster", "email": "luis.foster@franklincounty.org", "role": "Social Worker", "is_senior_leader": false}]'::jsonb);
